대학소개,학교법인,,,학교,법인,안내,
,,,,,,,
,총장실,인사말,,,,,
,,프로필,,,,,
,,총장에게 바란다,,,,,
,,역대총장,,,,,
,,총장 연설모음,,,,,
,,최근동정 코너,,,,,
,발자취,,,,,,
,,,,,,,
,대학비전,,,미래,희망,미래상,
,,,,,,,
,대학운영계획,,,운영,계획,,
,,,,,,,
,대학현황,대학 주요현황,,현황,안내,,
,,예결산 공고,,예산,결산,,
,,,,,,,
,조직 및 기관,조직도,,조직도,,,
,,부속기관,,조직,기관,부속,
,,부설연구소 및 기관,,조직,기관,연구소,부설
,,,,,,,
,UI소개,심벌,,UI,,,
,,로고 타입,,UI,,,
,,색상 및 서체,,UI,,,
,,사용금지규정,,UI,,,
,,엠블럼,,UI,,,
,,케릭터,,UI,,,
,,슬로건,,UI,,,
,,,,,,,
,대학홍보관,홍보동영상,,동영상,홍보,,
,,대학요람,,요람,홍보,역사,
,,웹브로셔,,홍보,브로셔,,
,,INU news,,뉴스,소식,,
,,캠퍼스 갤러리,,사진,안내,,
,,캠퍼스 투어,,사진,안내,,
,,,,,,,
,교내전화/메일,전체,,연락처,조직,,
,,대학본부,,본부,연락처,조직,
,,대학,,연락처,조직,,
,,대학원,,연락처,조직,,
,,부속기관,,연락처,부속기관,,
,,,,,,,
,캠퍼스맵,,,지도,맵,캠퍼스,
,,,,,,,
,오시는길,전체,,지도,맵,안내,교통
,,지하철,,,,,
,,버스,,,,,
,,셔틀버스,,,,,
,,자가용,,,,,
,,주차정보,,주차,자동차,자가용,
,,제물포캠퍼스,,분교,,,
,,미추홀캠퍼스,,분교,,,
,,,,,,,
,대학발전기금,,,기부금,기금,,
,,,,,,,
,INU신문고,청렴센터,,신고,건의,,
,,정책제안방,,,,,
,,E-감사실,,,,,
,,,,,,,
,학칙 및 규정,,,규정,,,
,,,,,,,
입학안내,수시모집,모집요강,,입학,입시,모집,수시
,,서식자료,,,,,
,,학생부 성적산출,,,,,
,,합격자조회,,,,,
,,지난학년 입시정보,,,,,
,,,,,,,
,정시모집,모집요강,,입학,입시,정시,모집
,,서식자료,,,,,
,,학생부 성적산출,,,,,
,,합격자조회,,,,,
,,지난학년 입시정보,,,,,
,,,,,,,
,편입학,모집요강,,입학,입시,편입,모집
,,서식자료,,,,,
,,학생부 성적산출,,,,,
,,합격자조회,,,,,
,,지난학년 입시정보,,,,,
,,,,,,,
,재외국인/외국인,재외국민,,입학,입시,외국인,모집
,,외국인/International Student,,,,,
,,,,,,,
,대학원(전기/후기),대학원 소개,,입학,입시,대학원,
,,일반대학원,,대학원,,,
,,동북아물류대학원,,,,,
,,교육대학원,,교육,,,
,,행정대학원,,행정,,,
,,정보기술대학원,,정보기술,,,
,,경영대학원,,경영,,,
,,공학대학원,,공학,,,
,,문화대학원,,문화,,,
,,,,,,,
,입시정보,공지사항,,입시,안내,공지,
,,고교방문 입학설명회 신청하기,,설명회,입학,,
,,입시상담 Q&A,,상담,입시,,
,,입시상담FAQ,,상담,입시,FAQ,
,,입시 캘린더,,캘린더,일정,입시,
,,고교ㆍ대학연계,,연계,고교,대학,
,,자유학기제지원,,,,,
,,추수지도프로그램,,프로그램,,,
,,,,,,,
,대학안내,전공소개,,전공,안내,,
,,학사안내,,학사,안내,,
,,등록금안내,,등록금,안내,,
,,장학금안내,,장학,안내,,
,,생활원안내,,생활,안내,,
,,교내전화/메일,,전화,연락처,메일,
,,오시는 길,,교통,지도,안내,
,,대학홍보관,,홍보,안내,,
,,,,,,,
대학안내,전체대학,,,대학,안내,,
,인문대학,,,인문,,,
,자연과학대학,,,자연과학,,,
,사회과학대학,,,사회과학,,,
,글로벌법정경대학,,,법정경,,,
,공과대학,,,공과,,,
,정보기술대학,,,정보기술,,,
,경영대학,,,경영,,,
,예술체육대학,,,예술체육,,,
,사범대학,,,교육,,,
,도시과학대학,,,도시과학,,,
,생명과학기술대학,,,생명과학,,,
,동북아국제통상학부,,,국제통상,,,
,계약학과,,,계약,,,
,,,,,,,
대학원안내,대학원전체,,,대학원,,,
,일반대학원,,,일반대학원,,,
,동북아물류대학원,,,물류,,,
,교육대학원,,,교육,,,
,정책대학원,,,정책,,,
,공학대학원,,,공학,,,
,정보기술대학원,,,정보기술,,,
,경영대학원,,,경영,,,
,문화대학원,,,문화,,,
,,,,,,,
대학생활,,,,학생 ,생활,,
,학생지원,장학금,,장학금,,,
,,등록금,,등록금,,,
,,증명발급,,증명,발급,,
,,학생증발급,,학생증,발급,,
,,병무행정 / 예비군,,군대,예비군,,
,,IT서비스,,IT,서비스,,
,,편의/복지,,복지,편의,,
,,식당메뉴,,식당,,,
,,생활시설,,생활,시설,,
,,스포츠센터,,스포츠,,,
,,보건진료소,,보건,의료,,
,,목록-시설예약,,시설,예약,,
,,장애학생지원센터,,장애,지원,,
,,,,,,,
,학사안내,학사일정,,일정,학사,,
,,수강신청,,수강,,,
,,재수강/재이수,,재수강,,,
,,시험/성적,,시험,성적,,
,,계절학기,,계절학기,,,
,,평생교육사,,평생교육,,,
,,휴·복학,,휴학,복학,,
,,부전공/복수전공,,부전공,복수전공,,
,,연계전공,,연계전공,,,
,,전과/전공배정,,전과,전공배정,,
,,재입학,,,,,
,,학사징계,,징계,상벌,규정,
,,영어졸업인증제,,영어졸업,인증,,
,,수료/졸업,,수료,졸업,,
,,학점교류안내,,교류,,,
,,양식자료실,,자료실,양식,,
,,,,,,,
,열린강좌,외국어 교육센터(어학원),,외국어,,,
,,교수학습지원센터,,학습,교수,,
,,인천한국어학당,,외국어,외국인,,
,,공자 학원,,,,,
,,평생교육원,,,,,
,,정보 전산원,,전산원,,,
,,,,,,,
,총학생회,,,,,,
,,,,,,,
,동아리,,,,,,
,,,,,,,
취업정보,취업경력개발원 소개,,,취업,진로,,
,진로취업지원 / 1:1상담,,,취업,진로,,
,경력개발(CDS활동),,,,,,
,현장실습지원,,,취업,진로,현장실습,
,,,,,,,
연구/산학,연구산학처,,,연구,산학,,
,,,,,,,
,산학협력단,,,연구,산학,,
,,,,,,,
,기술지주회사,,,기술,지주회사,,
,,,,,,,
,연구인력POOL,소속별,,연구,인력,교수,
,,연구분야,,,,,
,,인명검색,,,,,
,,,,,,,
,공동기기원,,,시설,,,
,,,,,,,
WITH INU,인천대뉴스,인천대 소식,,뉴스,,,
,,언론속의 인천,,,,,
,,,,,,,
,공지사항,전체,,공지,,,
,,학사,,,,,
,,일반,,,,,
,,장학금,,,,,
,,모집채용,,,,,
,,계약,,,,,
,,행사,,,,,
,,교육시험,,,,,
,,봉사,,,,,
,,등록금 납부,,,,,
,,,,,,,
,학교행사,,,행사,공지,,
,,,,,,,
,설문조사,,,공지,,,
,,,,,,,
서비스지킴이,학생서비스 지킴이,,,학생,,,
,,,,,,,
,묻고 답하기,,,,,,
,,,,,,,
,칭찬마당,,,,,,
,,,,,,,
,불친절신고,,,,,,
,,,,,,,
,분실물센터,,,분실물,,,
